Figure 1. Global Atmospheric Concentrations of Carbon Dioxide Over Time,,,,,,,,,,
Source: EPA's Climate Change Indicators in the United States: www.epa.gov/climate-indicators,,,,,,,,,,
Data source: Compilation of 8 underlying datasets,,,,,,,,,,
Web update: April 2021,,,,,,,,,,
Units: parts per million (ppm) of CO2,,,,,,,,,,
,,,,,,,,,,
Year (negative values = BC),Antarctic Ice Cores,"Mauna Loa, Hawaii","Barrow, Alaska","Cape Matatula,  American Samoa","South Pole, Antarctica","Cape Grim, Australia","Lampedusa Island, Italy","Shetland Islands, Scotland",,
Ice core measurements,,,,,,,,,,
-803718.87,207.3,,,,,,,,,
-803182.44,202.2,,,,,,,,,
-802572.67,204.9,,,,,,,,,
-802059.87,207.5,,,,,,,,,
-801975.28,202.9,,,,,,,,,
-801759.25,202.6,,,,,,,,,
-800922.09,198.7,,,,,,,,,
-799286.06,198.7,,,,,,,,,
-796731.3,200.5,,,,,,,,,
-795428.82,197.9,,,,,,,,,
-794902.59,198.8,,,,,,,,,
-793737.32,204.6,,,,,,,,,
-793172.45,208.8,,,,,,,,,
-791902.76,218.4,,,,,,,,,
-791569.39,213.4,,,,,,,,,
-790667.3,214.5,,,,,,,,,
-790080.78,224.7,,,,,,,,,
-789106.88,230.6,,,,,,,,,
-788689.41,227.4,,,,,,,,,
-788003.01,235.5,,,,,,,,,
-787544.04,238.6,,,,,,,,,
-786741.87,257,,,,,,,,,
-786529.24,257.2,,,,,,,,,
-785853.57,266,,,,,,,,,
-785405.51,269.4,,,,,,,,,
-784613.26,264.3,,,,,,,,,
-784239.6,262.2,,,,,,,,,
-783569.05,259.7,,,,,,,,,
-783084.08,255.8,,,,,,,,,
-782311.76,260.9,,,,,,,,,
-781248.53,255,,,,,,,,,
-780778.45,257.4,,,,,,,,,
-779936.68,251.5,,,,,,,,,
-779612.83,257.2,,,,,,,,,
-778769.44,252.5,,,,,,,,,
-778238.92,254.4,,,,,,,,,
-777417.55,254.7,,,,,,,,,
-777107.98,254.9,,,,,,,,,
-776282.79,252.5,,,,,,,,,
-775731.75,247.3,,,,,,,,,
-774832.7,248.9,,,,,,,,,
-774382.26,245.3,,,,,,,,,
-773588.01,241.7,,,,,,,,,
-773008.81,238.4,,,,,,,,,
-772094.14,239.2,,,,,,,,,
-771734.47,237.8,,,,,,,,,
-771299.82,246,,,,,,,,,
-771045.64,243.9,,,,,,,,,
-770787.96,246.5,,,,,,,,,
-770524.56,243.9,,,,,,,,,
-770225.26,239.7,,,,,,,,,
-769862.67,234.2,,,,,,,,,
-769569.33,236.3,,,,,,,,,
-769070.67,229.6,,,,,,,,,
-768649.15,230.6,,,,,,,,,
-767701.42,225.9,,,,,,,,,
-767111.38,221.6,,,,,,,,,
-766167.26,223.8,,,,,,,,,
-765797.16,224.9,,,,,,,,,
-764858.91,230.6,,,,,,,,,
-764238.5,232.1,,,,,,,,,
-763901.48,229.4,,,,,,,,,
-763636.64,233.7,,,,,,,,,
-763231.82,222.9,,,,,,,,,
-762726.88,223.9,,,,,,,,,
-761820.58,219.9,,,,,,,,,
-761151.8,214,,,,,,,,,
-760216.04,214.7,,,,,,,,,
-759914.49,216.6,,,,,,,,,
-758989.94,222.7,,,,,,,,,
-758566.06,225.6,,,,,,,,,
-758158.27,225.4,,,,,,,,,
-757928.21,223,,,,,,,,,
-757611.88,226.9,,,,,,,,,
-757185.69,222.7,,,,,,,,,
-756412.42,218.4,,,,,,,,,
-755835.45,213.6,,,,,,,,,
-754900.68,209.4,,,,,,,,,
-754616.17,208.1,,,,,,,,,
-753636.83,203.3,,,,,,,,,
-753164.58,199,,,,,,,,,
-751984.65,203.9,,,,,,,,,
-751539.07,195.4,,,,,,,,,
-750615.88,197.5,,,,,,,,,
-750023.87,193.5,,,,,,,,,
-749086.25,191.3,,,,,,,,,
-748756.44,192.1,,,,,,,,,
-747864.18,190.2,,,,,,,,,
-747312.93,188.7,,,,,,,,,
-746386.88,187.5,,,,,,,,,
-745990.2,188,,,,,,,,,
-745227.04,187.9,,,,,,,,,
-744669.93,190.2,,,,,,,,,
-743721.05,187.3,,,,,,,,,
-742573.14,189,,,,,,,,,
-742009.08,188.2,,,,,,,,,
-741112.17,187.3,,,,,,,,,
-740694.75,188.6,,,,,,,,,
-739924.13,189.1,,,,,,,,,
-739379.9,184.8,,,,,,,,,
-738510.92,183.4,,,,,,,,,
-738156.45,185.4,,,,,,,,,
-737224.56,185.6,,,,,,,,,
-736630.99,191.7,,,,,,,,,
-735710.12,204.5,,,,,,,,,
-735319.82,206.9,,,,,,,,,
-734572.22,213.1,,,,,,,,,
-734157.31,217.2,,,,,,,,,
-733459.91,217.9,,,,,,,,,
-733184.57,214.7,,,,,,,,,
-732512.62,216.1,,,,,,,,,
-732072.23,210.6,,,,,,,,,
-731379,207.7,,,,,,,,,
-731043.5,208.1,,,,,,,,,
-730371.75,213.7,,,,,,,,,
-729911,211.6,,,,,,,,,
-729234.23,210.7,,,,,,,,,
-728958.31,210.2,,,,,,,,,
-728310.31,212.2,,,,,,,,,
-727886.94,210,,,,,,,,,
-727037.53,211.1,,,,,,,,,
-726643.9,210.2,,,,,,,,,
-725948.5,210.1,,,,,,,,,
-724626.86,211.4,,,,,,,,,
-724299.59,211.1,,,,,,,,,
-723524.43,211.5,,,,,,,,,
-723025.36,210.5,,,,,,,,,
-722192,214,,,,,,,,,
-721830.23,212.5,,,,,,,,,
-721044.59,212.1,,,,,,,,,
-720555.81,216.1,,,,,,,,,
-719739.86,219,,,,,,,,,
-719457.52,219.2,,,,,,,,,
-718640.76,217,,,,,,,,,
-718137.29,212,,,,,,,,,
-717337.18,200.8,,,,,,,,,
-716828.35,193.5,,,,,,,,,
-716005.48,189.9,,,,,,,,,
-715398.27,198.4,,,,,,,,,
-714635.91,210.5,,,,,,,,,
-714360.16,213.6,,,,,,,,,
-713615.38,227.6,,,,,,,,,
-713165.73,223.1,,,,,,,,,
-712453.8,227.1,,,,,,,,,
-712115.58,227.6,,,,,,,,,
-711362.5,223.9,,,,,,,,,
-710293.73,224,,,,,,,,,
-710071.47,224.1,,,,,,,,,
-709449.04,225.4,,,,,,,,,
-709033.36,224.9,,,,,,,,,
-708506.45,227,,,,,,,,,
-707959.55,230.5,,,,,,,,,
-707503.79,231.4,,,,,,,,,
-707009.15,234.8,,,,,,,,,
-706463.45,233.1,,,,,,,,,
-706249.68,233.6,,,,,,,,,
-705693.73,233.5,,,,,,,,,
-705360.7,238.8,,,,,,,,,
-704760.74,236,,,,,,,,,
-704542.95,236.1,,,,,,,,,
-704103.2,237.7,,,,,,,,,
-703776.95,237.2,,,,,,,,,
-703293.91,235.1,,,,,,,,,
-703103.34,234,,,,,,,,,
-702631.81,233.5,,,,,,,,,
-702300.52,232.8,,,,,,,,,
-701846.07,232.3,,,,,,,,,
-701518.52,233.4,,,,,,,,,
-701059.98,230.6,,,,,,,,,
-700784.27,232.2,,,,,,,,,
-700250.92,232.2,,,,,,,,,
-700043.15,230.9,,,,,,,,,
-699574.52,232.5,,,,,,,,,
-699318.53,235.4,,,,,,,,,
-698864.84,236.6,,,,,,,,,
-698535.02,236.7,,,,,,,,,
-698153.69,237.2,,,,,,,,,
-697914.71,239.7,,,,,,,,,
-697489.02,239,,,,,,,,,
-697265.75,238.9,,,,,,,,,
-696803.23,241.8,,,,,,,,,
-696555.54,240.9,,,,,,,,,
-696089,241,,,,,,,,,
-695796.68,239.9,,,,,,,,,
-695392.45,238.4,,,,,,,,,
-695140.29,239.4,,,,,,,,,
-694694.83,238.1,,,,,,,,,
-694484.89,238.1,,,,,,,,,
-694031.88,238.7,,,,,,,,,
-693782.31,236.8,,,,,,,,,
-693309.26,239.8,,,,,,,,,
-692999.14,239.3,,,,,,,,,
-692586.82,240.5,,,,,,,,,
-692330.35,239.3,,,,,,,,,
-691871.29,237.8,,,,,,,,,
-691624.04,243.7,,,,,,,,,
-691127.09,238.5,,,,,,,,,
-690882.46,239.3,,,,,,,,,
-690368.34,243.6,,,,,,,,,
-690017.96,239.4,,,,,,,,,
-689517.67,238.4,,,,,,,,,
-689271.83,239.3,,,,,,,,,
-688786.39,236.5,,,,,,,,,
-688524.65,235.8,,,,,,,,,
-688001.45,232.3,,,,,,,,,
-687743.26,232.1,,,,,,,,,
-687207.83,230.7,,,,,,,,,
-686859.87,227.6,,,,,,,,,
-686350.13,227.7,,,,,,,,,
-686050.38,226.7,,,,,,,,,
-685495.5,223,,,,,,,,,
-685204.04,222.7,,,,,,,,,
-684631.81,222.6,,,,,,,,,
-684319.11,220.6,,,,,,,,,
-683729.87,220.6,,,,,,,,,
-683344.84,221.8,,,,,,,,,
-682808.06,224.4,,,,,,,,,
-682473.68,225.6,,,,,,,,,
-681878.75,222.7,,,,,,,,,
-681507.86,220.2,,,,,,,,,
-680790.09,219.1,,,,,,,,,
-680393.71,221.3,,,,,,,,,
-679719.93,227.9,,,,,,,,,
-679275.67,225.8,,,,,,,,,
-678677.61,233.1,,,,,,,,,
-678362.58,233.6,,,,,,,,,
-677785.17,232.7,,,,,,,,,
-677505.37,229.2,,,,,,,,,
-676791.62,220.1,,,,,,,,,
-676378.18,218.2,,,,,,,,,
-675650.74,216.6,,,,,,,,,
-675202.31,220,,,,,,,,,
-674580.74,222.6,,,,,,,,,
-673456.53,216.1,,,,,,,,,
-673078.4,211.7,,,,,,,,,
-672279.38,204.7,,,,,,,,,
-671746.11,201.1,,,,,,,,,
-670811.38,197.1,,,,,,,,,
-670200.88,194.8,,,,,,,,,
-669507.93,196.8,,,,,,,,,
-669120.75,194.9,,,,,,,,,
-668346.32,191.5,,,,,,,,,
-667869.3,187.7,,,,,,,,,
-666965.54,180.7,,,,,,,,,
-666465.26,177.7,,,,,,,,,
-665459.86,173.7,,,,,,,,,
-664803.36,174.8,,,,,,,,,
-663886.52,180.5,,,,,,,,,
-663371.94,180.2,,,,,,,,,
-662458.09,187.8,,,,,,,,,
-662370.4,192.6,,,,,,,,,
-661987.52,191,,,,,,,,,
-660927.55,190.9,,,,,,,,,
-660846.61,193.9,,,,,,,,,
-660332.18,189.7,,,,,,,,,
-659265.9,191.6,,,,,,,,,
-659168.32,194,,,,,,,,,
-658513.55,188.4,,,,,,,,,
-657461.9,185.7,,,,,,,,,
-657343.82,187.4,,,,,,,,,
-656814.1,184.1,,,,,,,,,
-655772,190.9,,,,,,,,,
-655704.21,189.2,,,,,,,,,
-655231.09,192.9,,,,,,,,,
-654182.65,200.4,,,,,,,,,
-653574.35,200,,,,,,,,,
-652488.65,194.8,,,,,,,,,
-651780.25,192.9,,,,,,,,,
-650758.95,186.8,,,,,,,,,
-650154.26,187.3,,,,,,,,,
-648997.1,193.4,,,,,,,,,
-648398.46,189.3,,,,,,,,,
-647241.1,196.2,,,,,,,,,
-646662.42,193.5,,,,,,,,,
-645304.85,191.8,,,,,,,,,
-644426.95,189.9,,,,,,,,,
-643200.65,195.8,,,,,,,,,
-642350.83,195.3,,,,,,,,,
-640906.65,191.6,,,,,,,,,
-640124.6,191.4,,,,,,,,,
-638422.25,190.2,,,,,,,,,
-637468.27,188.8,,,,,,,,,
-635764.37,195.3,,,,,,,,,
-634571.56,194,,,,,,,,,
-633059.03,194.9,,,,,,,,,
-632931.14,195.9,,,,,,,,,
-632127.54,193.1,,,,,,,,,
-630406.94,196.5,,,,,,,,,
-629576.32,200.5,,,,,,,,,
-627916.1,200.8,,,,,,,,,
-627819.85,205.3,,,,,,,,,
-627189.62,199.5,,,,,,,,,
-625880.1,205.8,,,,,,,,,
-625019.43,215.7,,,,,,,,,
-624097.5,228.5,,,,,,,,,
-623447.92,235,,,,,,,,,
-622546.95,237.9,,,,,,,,,
-621104.95,239.2,,,,,,,,,
-621000.73,243.9,,,,,,,,,
-619701.45,243.5,,,,,,,,,
-618333.75,245.9,,,,,,,,,
-617003.75,248.3,,,,,,,,,
-615659.57,252.6,,,,,,,,,
-614406.6,252.7,,,,,,,,,
-614349.12,252.9,,,,,,,,,
-613190.6,252.7,,,,,,,,,
-611992.8,256.2,,,,,,,,,
-610811.97,258.1,,,,,,,,,
-609650.63,259.7,,,,,,,,,
-609601.01,257.8,,,,,,,,,
-608479.5,257.7,,,,,,,,,
-607297.3,259.2,,,,,,,,,
-606029.3,254.6,,,,,,,,,
-604675.91,248.5,,,,,,,,,
-603353.15,244.5,,,,,,,,,
-601999.15,239.1,,,,,,,,,
-600650.75,237.9,,,,,,,,,
-599305.15,232.5,,,,,,,,,
-597864.63,229.4,,,,,,,,,
-597268.22,226,,,,,,,,,
-596379.75,219,,,,,,,,,
-595853.61,216.3,,,,,,,,,
-594841.13,216.4,,,,,,,,,
-594271.56,221.2,,,,,,,,,
-593486.47,232.9,,,,,,,,,
-592913.81,238,,,,,,,,,
-592096.75,238.1,,,,,,,,,
-591611.25,233.2,,,,,,,,,
-590835.52,229.4,,,,,,,,,
-590433.47,225.7,,,,,,,,,
-589069.47,237.4,,,,,,,,,
-588538.8,243.6,,,,,,,,,
-588090.15,248.1,,,,,,,,,
-587475.35,250.2,,,,,,,,,
-586990.9,246.3,,,,,,,,,
-586329.35,238.8,,,,,,,,,
-585938.67,234.4,,,,,,,,,
-585221.85,226,,,,,,,,,
-584770.84,224,,,,,,,,,
-582008.8,210.6,,,,,,,,,
-581624.25,206.7,,,,,,,,,
-580886.3,209.9,,,,,,,,,
-580504.53,215.4,,,,,,,,,
-579978.3,219.4,,,,,,,,,
-579596.53,225.2,,,,,,,,,
-579168.65,230.3,,,,,,,,,
-578864,236.2,,,,,,,,,
-578451.78,243.8,,,,,,,,,
-578260.5,244.1,,,,,,,,,
-577883.12,251.5,,,,,,,,,
-577330.55,252.9,,,,,,,,,
-576792.35,249.1,,,,,,,,,
-576246.35,251.1,,,,,,,,,
-575703.85,251.3,,,,,,,,,
-575165.1,251.3,,,,,,,,,
-574649.1,252.9,,,,,,,,,
-574162.85,252.5,,,,,,,,,
-573704.53,248.9,,,,,,,,,
-573283.96,252.1,,,,,,,,,
-572856,251.9,,,,,,,,,
-572414.65,251.8,,,,,,,,,
-571963.02,248.7,,,,,,,,,
-571525.75,249.2,,,,,,,,,
-571103.52,247.7,,,,,,,,,
-570719.87,246.3,,,,,,,,,
-570365.5,250.3,,,,,,,,,
-570024.69,251.6,,,,,,,,,
-569683.36,249.6,,,,,,,,,
-569311.44,251.8,,,,,,,,,
-568912.13,251.8,,,,,,,,,
-568513.46,251.3,,,,,,,,,
-568117.25,250,,,,,,,,,
-567733.93,251.3,,,,,,,,,
-567364.59,250.2,,,,,,,,,
-566980.15,253,,,,,,,,,
-566584.24,252.8,,,,,,,,,
-566254.14,253.9,,,,,,,,,
-565934.89,253.2,,,,,,,,,
-565598.65,254.5,,,,,,,,,
-565289.49,253.9,,,,,,,,,
-564968.35,254.3,,,,,,,,,
-564638.64,253.7,,,,,,,,,
-564295.3,251.4,,,,,,,,,
-563945.64,252.6,,,,,,,,,
-563588.96,252.4,,,,,,,,,
-563184.3,251.4,,,,,,,,,
-562774.36,247.6,,,,,,,,,
-562360.56,245.8,,,,,,,,,
-561977.9,245.7,,,,,,,,,
-561585.74,242.3,,,,,,,,,
-561184.85,240.1,,,,,,,,,
-560705.6,234.1,,,,,,,,,
-560360.49,234.6,,,,,,,,,
-559938.07,231.9,,,,,,,,,
-559500.74,231.6,,,,,,,,,
-559015.6,228.3,,,,,,,,,
-558486.62,230.3,,,,,,,,,
-557922.62,230.2,,,,,,,,,
-557686.76,229.7,,,,,,,,,
-557366.01,234.5,,,,,,,,,
-556827.69,238.1,,,,,,,,,
-556356.02,240.4,,,,,,,,,
-556204.56,245.6,,,,,,,,,
-555888.21,250.5,,,,,,,,,
-555707.14,244,,,,,,,,,
-555435.05,249.1,,,,,,,,,
-555248.65,243,,,,,,,,,
-554973.29,241,,,,,,,,,
-554457.02,233.9,,,,,,,,,
-553892.35,226.7,,,,,,,,,
-553208.35,224.3,,,,,,,,,
-552529.62,223.6,,,,,,,,,
-551858.65,220.3,,,,,,,,,
-551669.39,222.1,,,,,,,,,
-551295.99,226.3,,,,,,,,,
-551070.92,222.3,,,,,,,,,
-550731.56,221.7,,,,,,,,,
-550161.09,219.9,,,,,,,,,
-549431.09,215.2,,,,,,,,,
-548632.55,213.6,,,,,,,,,
-548280.73,208.8,,,,,,,,,
-547770.11,202.5,,,,,,,,,
-546820.78,204.6,,,,,,,,,
-545856.68,209.7,,,,,,,,,
-544880.15,209.6,,,,,,,,,
-543914.91,210.3,,,,,,,,,
-542935.99,208.1,,,,,,,,,
-541894.87,203.6,,,,,,,,,
-540790.21,205,,,,,,,,,
-539703.82,211.2,,,,,,,,,
-538633.82,212.9,,,,,,,,,
-537563.82,206.4,,,,,,,,,
-536490.76,205,,,,,,,,,
-535384.47,199.4,,,,,,,,,
-534228.47,199.8,,,,,,,,,
-533745.05,190.5,,,,,,,,,
-533093.56,193.8,,,,,,,,,
-532718.18,195.1,,,,,,,,,
-531982.24,200,,,,,,,,,
-531604.37,204.4,,,,,,,,,
-531037.57,211.4,,,,,,,,,
-530642.53,214.5,,,,,,,,,
-530128.76,220.7,,,,,,,,,
-529251.38,220.3,,,,,,,,,
-528340.51,221.2,,,,,,,,,
-527453.43,222.7,,,,,,,,,
-526566.69,224.7,,,,,,,,,
-525748.69,227.8,,,,,,,,,
-524945.81,230.3,,,,,,,,,
-524157,233.7,,,,,,,,,
-523387,235.8,,,,,,,,,
-522620.87,236.8,,,,,,,,,
-521851.82,241.9,,,,,,,,,
-519624.47,243.5,,,,,,,,,
-518871.81,245.5,,,,,,,,,
-518123.36,247.7,,,,,,,,,
-517379.13,245.3,,,,,,,,,
-516650.46,245.5,,,,,,,,,
-515926.01,246.2,,,,,,,,,
-515204.98,247.2,,,,,,,,,
-514470.98,243,,,,,,,,,
-513700.78,241.5,,,,,,,,,
-512897.78,239.2,,,,,,,,,
-512083.12,238.2,,,,,,,,,
-511254.74,242,,,,,,,,,
-510413.78,235.2,,,,,,,,,
-509562.45,236.4,,,,,,,,,
-508702.33,233.4,,,,,,,,,
-507834.98,240.3,,,,,,,,,
-506990.98,237,,,,,,,,,
-506167.72,238.2,,,,,,,,,
-505362.4,236,,,,,,,,,
-504533.73,235.5,,,,,,,,,
-503734.24,233.9,,,,,,,,,
-502961.78,234.1,,,,,,,,,
-502227.19,232.2,,,,,,,,,
-501468.93,232,,,,,,,,,
-500687.64,231.2,,,,,,,,,
-499911.42,230.8,,,,,,,,,
-499133.96,228.2,,,,,,,,,
-498354.78,230.8,,,,,,,,,
-497576.78,230.6,,,,,,,,,
-496787.42,232.8,,,,,,,,,
-496015.98,236.5,,,,,,,,,
-495237.63,236.4,,,,,,,,,
-494494.07,237.6,,,,,,,,,
-493775.69,238.5,,,,,,,,,
-493074.13,238.3,,,,,,,,,
-492350.39,239.1,,,,,,,,,
-491643.11,239.7,,,,,,,,,
-490913.78,243.7,,,,,,,,,
-490204.55,246.7,,,,,,,,,
-489501.08,243.3,,,,,,,,,
-488783.95,242.6,,,,,,,,,
-488544.91,249.3,,,,,,,,,
-488076.29,252.8,,,,,,,,,
-487769.79,240.9,,,,,,,,,
-487352.09,242,,,,,,,,,
-486615.45,237.1,,,,,,,,,
-485898.07,231.3,,,,,,,,,
-485179.25,232.9,,,,,,,,,
-484448.67,233,,,,,,,,,
-483717.52,231.2,,,,,,,,,
-482986.18,231.4,,,,,,,,,
-482229.79,231.4,,,,,,,,,
-481445.38,227.3,,,,,,,,,
-480630.96,223.4,,,,,,,,,
-479712.96,223.8,,,,,,,,,
-478776.68,218.8,,,,,,,,,
-478378.3,220.8,,,,,,,,,
-477825.69,231.3,,,,,,,,,
-477452.95,236.5,,,,,,,,,
-476942.46,239.1,,,,,,,,,
-475991,236.6,,,,,,,,,
-474999.8,232.8,,,,,,,,,
-473975.2,233.1,,,,,,,,,
-473024.11,241.2,,,,,,,,,
-472142.36,245.6,,,,,,,,,
-471850.85,243.9,,,,,,,,,
-471267.82,243.7,,,,,,,,,
-470913.27,232.7,,,,,,,,,
-470313.07,229.2,,,,,,,,,
-469874.53,218.7,,,,,,,,,
-469250.79,215.5,,,,,,,,,
-468775.98,206.5,,,,,,,,,
-468090.13,205.5,,,,,,,,,
-466927.71,203.4,,,,,,,,,
-465756.64,204.4,,,,,,,,,
-464682.3,208.1,,,,,,,,,
-463651.73,210,,,,,,,,,
-463315.36,205.2,,,,,,,,,
-462649.47,199.9,,,,,,,,,
-461576.65,194.4,,,,,,,,,
-460464.1,190.7,,,,,,,,,
-459336.06,195.5,,,,,,,,,
-458302.21,202.4,,,,,,,,,
-457261.55,208.3,,,,,,,,,
-456844.01,203.3,,,,,,,,,
-456258.29,204.3,,,,,,,,,
-455795.13,199.1,,,,,,,,,
-455164.44,192.5,,,,,,,,,
-454051.61,193.3,,,,,,,,,
-452914.31,198.4,,,,,,,,,
-451825.64,201.9,,,,,,,,,
-450785.84,204.9,,,,,,,,,
-449797.28,201.2,,,,,,,,,
-448692.89,201.7,,,,,,,,,
-447621.04,208.1,,,,,,,,,
-446509.18,203.5,,,,,,,,,
-445269.18,201.1,,,,,,,,,
-443381.73,199.1,,,,,,,,,
-441894.65,202,,,,,,,,,
-440280.78,201.3,,,,,,,,,
-438709.58,201.7,,,,,,,,,
-437113.42,200.3,,,,,,,,,
-435535.42,207.5,,,,,,,,,
-433989.69,209.8,,,,,,,,,
-432429.07,207.6,,,,,,,,,
-431900.3,211.5,,,,,,,,,
-430229.31,227.2,,,,,,,,,
-429073.76,219.7,,,,,,,,,
-427228.36,242.5,,,,,,,,,
-426890.2,248.2,,,,,,,,,
-425991.4,252.1,,,,,,,,,
-425204.96,255.3,,,,,,,,,
-424671.56,265.4,,,,,,,,,
-424287.27,270,,,,,,,,,
-423790.91,270.8,,,,,,,,,
-423182.26,268.3,,,,,,,,,
-422557.75,267.7,,,,,,,,,
-421275.5,270.6,,,,,,,,,
-420582.65,266.4,,,,,,,,,
-419962.15,268.6,,,,,,,,,
-418751.76,273.8,,,,,,,,,
-418183.76,271.2,,,,,,,,,
-417625.78,273.7,,,,,,,,,
-416555.3,274.6,,,,,,,,,
-416006.78,271.8,,,,,,,,,
-415490.44,273.4,,,,,,,,,
-414475.32,271.7,,,,,,,,,
-413995.61,276.4,,,,,,,,,
-413229.59,271.6,,,,,,,,,
-412260.86,264.9,,,,,,,,,
-411308.65,274.9,,,,,,,,,
-409397.97,283.5,,,,,,,,,
-408503.8,282.6,,,,,,,,,
-407648.24,274.7,,,,,,,,,
-406868.72,284.5,,,,,,,,,
-405332.5,285.6,,,,,,,,,
-404592.8,279.6,,,,,,,,,
-403112.63,280.5,,,,,,,,,
-402363.3,276.5,,,,,,,,,
-400909.84,275.7,,,,,,,,,
-400190.92,283.1,,,,,,,,,
-398760.08,283.2,,,,,,,,,
-397976.16,277.1,,,,,,,,,
-396325.13,276.3,,,,,,,,,
-392956.1,260.7,,,,,,,,,
-392053.69,273.6,,,,,,,,,
-391027.15,259.5,,,,,,,,,
-390337.25,258.1,,,,,,,,,
-387460.21,245.8,,,,,,,,,
-385874.82,246.8,,,,,,,,,
-384333.71,239.1,,,,,,,,,
-382607.45,240,,,,,,,,,
-380981.49,227,,,,,,,,,
-376810.24,229.6,,,,,,,,,
-375084.88,224.6,,,,,,,,,
-373254.6,214.7,,,,,,,,,
-371507.62,199.9,,,,,,,,,
-369435.87,201.9,,,,,,,,,
-366115.9,206.3,,,,,,,,,
-363240.23,201.2,,,,,,,,,
-360617.6,185.8,,,,,,,,,
-358733.84,186.1,,,,,,,,,
-357060.38,193,,,,,,,,,
-353867.77,209.2,,,,,,,,,
-352462.98,209.4,,,,,,,,,
-351224.6,216.2,,,,,,,,,
-349726.35,221.1,,,,,,,,,
-347189.09,220.3,,,,,,,,,
-345594.81,211.9,,,,,,,,,
-344370.91,204.8,,,,,,,,,
-343050.85,205.2,,,,,,,,,
-341973.59,200.7,,,,,,,,,
-340841.56,250.1,,,,,,,,,
-338785.08,234.2,,,,,,,,,
-338033.89,239.6,,,,,,,,,
-337041.44,241.9,,,,,,,,,
-336263.5,255.7,,,,,,,,,
-335566.67,270.5,,,,,,,,,
-334917.82,278.6,,,,,,,,,
-334427.54,285.8,,,,,,,,,
-333757.51,278.1,,,,,,,,,
-333152.31,298.6,,,,,,,,,
-332593.89,288.4,,,,,,,,,
-332399.5,289.1,,,,,,,,,
-332047.56,282.4,,,,,,,,,
-331550.09,273.1,,,,,,,,,
-330848.62,272.6,,,,,,,,,
-330194.12,271.7,,,,,,,,,
-329343.55,265,,,,,,,,,
-328103.33,275.1,,,,,,,,,
-327464.29,271.9,,,,,,,,,
-326820.75,270.1,,,,,,,,,
-326136.81,266.1,,,,,,,,,
-325485.84,264,,,,,,,,,
-324641.09,266.2,,,,,,,,,
-323873,260.5,,,,,,,,,
-323057.41,260.3,,,,,,,,,
-322216.92,260.4,,,,,,,,,
-321433.35,257.2,,,,,,,,,
-319867.45,249.2,,,,,,,,,
-318966.34,255.8,,,,,,,,,
-317879.66,233.4,,,,,,,,,
-316902.6,245.2,,,,,,,,,
-315982.55,251.6,,,,,,,,,
-315199.87,272.6,,,,,,,,,
-314500.72,246.8,,,,,,,,,
-313707.52,257.1,,,,,,,,,
-312886.21,256.7,,,,,,,,,
-312101.85,251.6,,,,,,,,,
-311393.13,241.9,,,,,,,,,
-310643.43,239,,,,,,,,,
-309720.03,237.8,,,,,,,,,
-308826.1,233.2,,,,,,,,,
-308060.98,226.2,,,,,,,,,
-307473.73,227.8,,,,,,,,,
-306375.7,225.8,,,,,,,,,
-305513.27,244.8,,,,,,,,,
-304631.12,248.6,,,,,,,,,
-303828.15,250.2,,,,,,,,,
-303149.81,240.7,,,,,,,,,
-302150.92,240.2,,,,,,,,,
-301166,236,,,,,,,,,
-300134.19,239,,,,,,,,,
-299075.62,236.1,,,,,,,,,
-298165.87,231,,,,,,,,,
-297426.28,224.4,,,,,,,,,
-296754.62,217.1,,,,,,,,,
-294878.87,213.1,,,,,,,,,
-293414.23,212.7,,,,,,,,,
-292505.29,206.7,,,,,,,,,
-291700.74,206,,,,,,,,,
-290868.31,207.6,,,,,,,,,
-289612.87,217.1,,,,,,,,,
-288913.79,220.4,,,,,,,,,
-288234.5,234.9,,,,,,,,,
-286336.43,231,,,,,,,,,
-285870.05,230.4,,,,,,,,,
-285493.86,231.4,,,,,,,,,
-284659.96,226.4,,,,,,,,,
-283981.32,228,,,,,,,,,
-282484.68,231.3,,,,,,,,,
-280642.89,223.7,,,,,,,,,
-279450.74,215.3,,,,,,,,,
-278608.95,211,,,,,,,,,
-277669.05,204.5,,,,,,,,,
-276640.91,202.2,,,,,,,,,
-275493,193.2,,,,,,,,,
-274307.72,198.4,,,,,,,,,
-273204.64,194.1,,,,,,,,,
-272214.08,193.9,,,,,,,,,
-271215.83,190.4,,,,,,,,,
-270199.64,184.7,,,,,,,,,
-269086.04,198.8,,,,,,,,,
-267990.47,194.2,,,,,,,,,
-267045.5,187.2,,,,,,,,,
-266307.83,188.7,,,,,,,,,
-265057,211.7,,,,,,,,,
-264184.45,199.9,,,,,,,,,
-262633.76,228.1,,,,,,,,,
-260867.1,214.6,,,,,,,,,
-260104.58,208.9,,,,,,,,,
-259343.92,205.7,,,,,,,,,
-258944.24,209.6,,,,,,,,,
-257446.9,203.9,,,,,,,,,
-255958.07,204,,,,,,,,,
-255110.59,201.9,,,,,,,,,
-254348.66,199,,,,,,,,,
-252637.11,195.4,,,,,,,,,
-251806.68,196.7,,,,,,,,,
-251003.72,195.4,,,,,,,,,
-250182.26,213.9,,,,,,,,,
-249440.57,200.2,,,,,,,,,
-247149.87,214.7,,,,,,,,,
-244920.49,219.4,,,,,,,,,
-244238.81,230.4,,,,,,,,,
-243614,236.7,,,,,,,,,
-243107.01,249.9,,,,,,,,,
-242632.34,252.3,,,,,,,,,
-242171.77,263.7,,,,,,,,,
-241188.52,280.2,,,,,,,,,
-240735.46,279,,,,,,,,,
-239905.4,263.2,,,,,,,,,
-239383.05,259.7,,,,,,,,,
-238240.37,252.8,,,,,,,,,
-237788.66,247.4,,,,,,,,,
-237437.04,245.8,,,,,,,,,
-237058.26,245.6,,,,,,,,,
-236475.34,239.1,,,,,,,,,
-235955.53,243.1,,,,,,,,,
-235441.66,247.4,,,,,,,,,
-234900.8,241.4,,,,,,,,,
-234476.01,252.1,,,,,,,,,
-234040.86,245.2,,,,,,,,,
-230906.06,241.6,,,,,,,,,
-230241.77,233.9,,,,,,,,,
-229179.66,232.4,,,,,,,,,
-227622.05,224.5,,,,,,,,,
-226816.99,233.1,,,,,,,,,
-226489.42,234.5,,,,,,,,,
-225769.98,235.5,,,,,,,,,
-224899.84,215.7,,,,,,,,,
-224309.83,203.3,,,,,,,,,
-222321.51,205.6,,,,,,,,,
-221179.04,208.8,,,,,,,,,
-220589.58,207.1,,,,,,,,,
-219747.46,216.1,,,,,,,,,
-218985.62,214.1,,,,,,,,,
-217117.61,240.5,,,,,,,,,
-216250.79,245.3,,,,,,,,,
-215744.96,251.1,,,,,,,,,
-215465.64,251.7,,,,,,,,,
-214914.97,247.5,,,,,,,,,
-214356.15,242.6,,,,,,,,,
-213962.34,240.3,,,,,,,,,
-213130.75,241.4,,,,,,,,,
-212208.81,251.2,,,,,,,,,
-211380.35,243.4,,,,,,,,,
-210583.08,257.4,,,,,,,,,
-210128.75,239.5,,,,,,,,,
-209627.84,246.9,,,,,,,,,
-209108.47,252,,,,,,,,,
-208882.07,247.2,,,,,,,,,
-208225.17,243.9,,,,,,,,,
-208016.09,244.6,,,,,,,,,
-207495.04,242.2,,,,,,,,,
-207132.26,240.5,,,,,,,,,
-206871.57,230,,,,,,,,,
-206324.53,237.2,,,,,,,,,
-206158.78,238.1,,,,,,,,,
-205672.89,231.4,,,,,,,,,
-205290.3,229.4,,,,,,,,,
-204946.85,226.3,,,,,,,,,
-204409.94,228.6,,,,,,,,,
-203994.58,232.2,,,,,,,,,
-203625.76,231.9,,,,,,,,,
-203253.28,244.4,,,,,,,,,
-201892,247.6,,,,,,,,,
-200794.5,239.1,,,,,,,,,
-199802,250.9,,,,,,,,,
-196988,242.6,,,,,,,,,
-196377.45,241.2,,,,,,,,,
-195637.35,226.4,,,,,,,,,
-193849.5,220,,,,,,,,,
-193176.5,226.5,,,,,,,,,
-191124.5,218,,,,,,,,,
-190014.08,220.3,,,,,,,,,
-189304.5,231.4,,,,,,,,,
-187856.5,231.3,,,,,,,,,
-186487,210.7,,,,,,,,,
-184461,203.4,,,,,,,,,
-182421,199.7,,,,,,,,,
-181308,198.1,,,,,,,,,
-180246,217.7,,,,,,,,,
-179352,213.2,,,,,,,,,
-177923,207.7,,,,,,,,,
-175779.5,190.1,,,,,,,,,
-175583.93,189.4,,,,,,,,,
-174903,190.3,,,,,,,,,
-173883.35,196,,,,,,,,,
-172492,197.7,,,,,,,,,
-169989,197.8,,,,,,,,,
-167564.4,196.6,,,,,,,,,
-166795.5,183.8,,,,,,,,,
-165964.1,186.7,,,,,,,,,
-164834,190.1,,,,,,,,,
-164193,191.6,,,,,,,,,
-162384.65,196.5,,,,,,,,,
-161908,204.3,,,,,,,,,
-158205,187.5,,,,,,,,,
-157766,185.5,,,,,,,,,
-156716,189,,,,,,,,,
-154356.82,189.4,,,,,,,,,
-152939.13,196.3,,,,,,,,,
-151824.66,198.8,,,,,,,,,
-149494.85,202.4,,,,,,,,,
-148644.88,202.5,,,,,,,,,
-147516.15,201.8,,,,,,,,,
-146283.47,195.8,,,,,,,,,
-144158.24,193.6,,,,,,,,,
-142849.59,196,,,,,,,,,
-141701.3,194.6,,,,,,,,,
-140410.56,196.5,,,,,,,,,
-137999.97,192.8,,,,,,,,,
-136884.3,198.6,,,,,,,,,
-135813.42,199.2,,,,,,,,,
-134615.55,203.7,,,,,,,,,
-132572.28,212.4,,,,,,,,,
-131825.81,222.7,,,,,,,,,
-130981.96,224.6,,,,,,,,,
-130759.88,228,,,,,,,,,
-130026.24,232.3,,,,,,,,,
-129372.2,241.1,,,,,,,,,
-128868.36,250.8,,,,,,,,,
-128423.03,251.8,,,,,,,,,
-127705.64,260.6,,,,,,,,,
-127128.04,268.4,,,,,,,,,
-126928,271.1,,,,,,,,,
-126516.73,285.8,,,,,,,,,
-126222.67,280.7,,,,,,,,,
-126074.48,276,,,,,,,,,
-125553.55,276.9,,,,,,,,,
-125363.83,275.8,,,,,,,,,
-125012.03,274.9,,,,,,,,,
-124749.91,273,,,,,,,,,
-124063.7,275.2,,,,,,,,,
-123342.63,276.8,,,,,,,,,
-122867.45,275.5,,,,,,,,,
-122454.52,281.5,,,,,,,,,
-122009.48,275.9,,,,,,,,,
-121680.91,274.6,,,,,,,,,
-121063.95,279.2,,,,,,,,,
-120342.36,279,,,,,,,,,
-120150,278.3,,,,,,,,,
-119891.97,276.6,,,,,,,,,
-119476.02,279.5,,,,,,,,,
-118592.91,276.8,,,,,,,,,
-118194.12,268.7,,,,,,,,,
-117765.5,274.6,,,,,,,,,
-117292.52,267.7,,,,,,,,,
-116708.27,277.7,,,,,,,,,
-115669.36,275,,,,,,,,,
-115235.55,274,,,,,,,,,
-114525.58,273.6,,,,,,,,,
-113958.58,273.2,,,,,,,,,
-113496.67,277,,,,,,,,,
-112865.39,275.1,,,,,,,,,
-112300,267.9,,,,,,,,,
-111728.64,260.6,,,,,,,,,
-111169.27,264.8,,,,,,,,,
-110991.73,263.1,,,,,,,,,
-110686.06,256.8,,,,,,,,,
-109926.8,257.9,,,,,,,,,
-108605.36,246.7,,,,,,,,,
-107889.97,244.1,,,,,,,,,
-107179.42,244.4,,,,,,,,,
-106451.91,236.4,,,,,,,,,
-105024.82,240.3,,,,,,,,,
-104418.25,244.8,,,,,,,,,
-104306.38,241.4,,,,,,,,,
-104039.87,257.6,,,,,,,,,
-103557.15,248.8,,,,,,,,,
-103016.45,242.4,,,,,,,,,
-102381.23,238.9,,,,,,,,,
-102324.33,247.8,,,,,,,,,
-101358.74,240.7,,,,,,,,,
-100814.78,237.1,,,,,,,,,
-100021.89,240.1,,,,,,,,,
-99375.68,244.8,,,,,,,,,
-98593.18,247.9,,,,,,,,,
-98126.85,245.6,,,,,,,,,
-97411.42,243,,,,,,,,,
-96633.72,243.2,,,,,,,,,
-95977.46,239.9,,,,,,,,,
-95320.89,242.4,,,,,,,,,
-94524.88,245.8,,,,,,,,,
-93971.48,246.2,,,,,,,,,
-93284.11,242.9,,,,,,,,,
-92618.55,242.4,,,,,,,,,
-91873.21,238.2,,,,,,,,,
-91474.71,235.2,,,,,,,,,
-90717.82,232.5,,,,,,,,,
-89999.74,233.7,,,,,,,,,
-89495.03,231.1,,,,,,,,,
-88884.02,231.6,,,,,,,,,
-88367.29,229.7,,,,,,,,,
-87746.26,228.9,,,,,,,,,
-87294.72,227.4,,,,,,,,,
-86751.05,224,,,,,,,,,
-86186.18,217.8,,,,,,,,,
-85631.18,223.6,,,,,,,,,
-85077.64,221.1,,,,,,,,,
-84548.32,223.4,,,,,,,,,
-83940.69,228.8,,,,,,,,,
-83417.47,234.7,,,,,,,,,
-82986.77,238.4,,,,,,,,,
-82407.44,243.2,,,,,,,,,
-81990.9,250.8,,,,,,,,,
-81604.11,247.1,,,,,,,,,
-81038.26,246.3,,,,,,,,,
-80576.72,240.9,,,,,,,,,
-80118.79,238.9,,,,,,,,,
-79761.43,234.1,,,,,,,,,
-79256.94,230.3,,,,,,,,,
-78771.79,233.9,,,,,,,,,
-78380.36,230.6,,,,,,,,,
-77927.76,234.7,,,,,,,,,
-77460.36,229.3,,,,,,,,,
-77019.54,227.3,,,,,,,,,
-76557.95,224.1,,,,,,,,,
-76130.75,226.6,,,,,,,,,
-75665.92,224.9,,,,,,,,,
-75106.48,231.7,,,,,,,,,
-74746.74,238,,,,,,,,,
-74297.47,239.3,,,,,,,,,
-73900.65,249.9,,,,,,,,,
-73595.13,249.5,,,,,,,,,
-73117.95,243.3,,,,,,,,,
-72575.65,241.2,,,,,,,,,
-72271.48,231.3,,,,,,,,,
-71800.96,232.7,,,,,,,,,
-71269.32,230.9,,,,,,,,,
-70916.04,232.3,,,,,,,,,
-70540.15,232.8,,,,,,,,,
-70142.81,239.5,,,,,,,,,
-69743.65,237.6,,,,,,,,,
-69329.17,235,,,,,,,,,
-68978.87,225.2,,,,,,,,,
-68477.26,220.3,,,,,,,,,
-68102.16,215.6,,,,,,,,,
-67642.02,211.3,,,,,,,,,
-67131.53,205.4,,,,,,,,,
-66669.99,203.4,,,,,,,,,
-66196.19,200.2,,,,,,,,,
-65779.68,203.8,,,,,,,,,
-65364.59,201.1,,,,,,,,,
-65009.71,207.2,,,,,,,,,
-64489.31,204.4,,,,,,,,,
-63987.23,200.6,,,,,,,,,
-63814.51,198.2,,,,,,,,,
-63596.45,209,,,,,,,,,
-63096.72,199.2,,,,,,,,,
-62917.42,201.7,,,,,,,,,
-62707.29,203.7,,,,,,,,,
-62163.78,199.7,,,,,,,,,
-61946.88,197.2,,,,,,,,,
-61605.79,197.4,,,,,,,,,
-61010.9,200.1,,,,,,,,,
-60824.57,202.7,,,,,,,,,
-60602.01,202.6,,,,,,,,,
-59950.72,206.4,,,,,,,,,
-59604.11,210.9,,,,,,,,,
-59284.84,210.6,,,,,,,,,
-59110.88,208,,,,,,,,,
-58867.62,213.8,,,,,,,,,
-58566.63,217.3,,,,,,,,,
-58423.06,212.9,,,,,,,,,
-58159.88,216.7,,,,,,,,,
-57783.47,223.5,,,,,,,,,
-57430.41,226.4,,,,,,,,,
-57155.07,231.3,,,,,,,,,
-56483.32,223.1,,,,,,,,,
-56267.01,224.4,,,,,,,,,
-55893.72,223.7,,,,,,,,,
-55526.27,217.4,,,,,,,,,
-55260.94,215.7,,,,,,,,,
-54553.58,212.4,,,,,,,,,
-54287.13,207.7,,,,,,,,,
-53959.54,210.3,,,,,,,,,
-53603.13,214.8,,,,,,,,,
-53343.46,208.2,,,,,,,,,
-53064.49,216.9,,,,,,,,,
-52744.61,213.9,,,,,,,,,
-52437.13,218,,,,,,,,,
-52206.6,220.4,,,,,,,,,
-51856.25,221.1,,,,,,,,,
-51450.45,223.3,,,,,,,,,
-51158.25,223.7,,,,,,,,,
-50850.74,221.1,,,,,,,,,
-50623.68,220.7,,,,,,,,,
-50434.78,219.1,,,,,,,,,
-50136.82,213.8,,,,,,,,,
-49829.53,215.1,,,,,,,,,
-49481.45,211.6,,,,,,,,,
-49079.17,207.6,,,,,,,,,
-48577.41,207.4,,,,,,,,,
-48270.55,206.7,,,,,,,,,
-48056.51,204.4,,,,,,,,,
-47778.32,203.9,,,,,,,,,
-47512.66,204.1,,,,,,,,,
-47352.98,200.1,,,,,,,,,
-47037.95,201.6,,,,,,,,,
-46477.86,201,,,,,,,,,
-46273.18,206.2,,,,,,,,,
-45993.75,205.7,,,,,,,,,
-45760.39,203.8,,,,,,,,,
-45574.36,204.3,,,,,,,,,
-45364.98,207.6,,,,,,,,,
-45136.28,210.3,,,,,,,,,
-44937.94,210.8,,,,,,,,,
-44796.44,214.2,,,,,,,,,
-44685.9,216.4,,,,,,,,,
-44358.55,218.3,,,,,,,,,
-44231.26,219.2,,,,,,,,,
-44107.33,221.8,,,,,,,,,
-43927.11,222.7,,,,,,,,,
-43746.06,217.5,,,,,,,,,
-43510.32,214.5,,,,,,,,,
-43330.39,213.9,,,,,,,,,
-43192.02,208,,,,,,,,,
-43046.16,211.5,,,,,,,,,
-42866.01,210.4,,,,,,,,,
-42705.54,212.3,,,,,,,,,
-42540.5,204.8,,,,,,,,,
-42400.47,206.2,,,,,,,,,
-42254.45,202,,,,,,,,,
-42145.2,204.3,,,,,,,,,
-41859.01,201.7,,,,,,,,,
-41711.16,203.2,,,,,,,,,
-41565.82,204.2,,,,,,,,,
-41400.66,201.7,,,,,,,,,
-41221.89,203.2,,,,,,,,,
-41018.08,204.3,,,,,,,,,
-40899.87,206.4,,,,,,,,,
-40678.3,204.8,,,,,,,,,
-40365.82,200.9,,,,,,,,,
-39950.69,199.9,,,,,,,,,
-39809.21,201.1,,,,,,,,,
-39655.97,205.5,,,,,,,,,
-39353.59,204.2,,,,,,,,,
-39217.9,201.5,,,,,,,,,
-38957.39,201,,,,,,,,,
-38804.3,200.5,,,,,,,,,
-38603.44,201.5,,,,,,,,,
-38535.95,201.3,,,,,,,,,
-38358.4,197.9,,,,,,,,,
-38195.3,193.7,,,,,,,,,
-38162.1,193.1,,,,,,,,,
-38092.7,192.6,,,,,,,,,
-37950.5,197.6,,,,,,,,,
-37935,193.9,,,,,,,,,
-37807.1,193.6,,,,,,,,,
-37759.2,196.7,,,,,,,,,
-37671,195.7,,,,,,,,,
-37565.4,200.4,,,,,,,,,
-37504.4,198.1,,,,,,,,,
-37452.9,191.5,,,,,,,,,
-37429.4,204.8,,,,,,,,,
-37389.8,207.9,,,,,,,,,
-37369.9,209.3,,,,,,,,,
-37353.2,209.5,,,,,,,,,
-37315.7,208.7,,,,,,,,,
-37170.5,207.3,,,,,,,,,
-37103.6,204.3,,,,,,,,,
-37026.8,202.3,,,,,,,,,
-37005.6,206,,,,,,,,,
-36924.7,205.7,,,,,,,,,
-36862.6,206.1,,,,,,,,,
-36773.4,206.5,,,,,,,,,
-36720.8,204.5,,,,,,,,,
-36671.8,204.8,,,,,,,,,
-36623.6,208.2,,,,,,,,,
-36583.2,210.1,,,,,,,,,
-36522.9,207.2,,,,,,,,,
-36462.8,210.8,,,,,,,,,
-36409.2,208,,,,,,,,,
-36334.2,207.4,,,,,,,,,
-36242.4,206.5,,,,,,,,,
-36215.6,208.3,,,,,,,,,
-36138.5,214.4,,,,,,,,,
-36050.3,211.2,,,,,,,,,
-35945,214.2,,,,,,,,,
-35827.2,212.1,,,,,,,,,
-35697.5,212.1,,,,,,,,,
-35668.6,214.3,,,,,,,,,
-35511.3,209.8,,,,,,,,,
-35481,212.5,,,,,,,,,
-35388.1,206.6,,,,,,,,,
-35352,209.7,,,,,,,,,
-35346.5,208.3,,,,,,,,,
-35193.2,207.3,,,,,,,,,
-35168.6,210.2,,,,,,,,,
-35073.4,206.4,,,,,,,,,
-34989.8,203.5,,,,,,,,,
-34870.2,202.8,,,,,,,,,
-34762.8,203.8,,,,,,,,,
-34719.6,203.8,,,,,,,,,
-34641.8,205.1,,,,,,,,,
-34556.3,199,,,,,,,,,
-34311.8,200.1,,,,,,,,,
-34223.1,201.8,,,,,,,,,
-34136.5,204.1,,,,,,,,,
-33998.3,198.8,,,,,,,,,
-33904.6,203.3,,,,,,,,,
-33751.6,200.5,,,,,,,,,
-33722.5,201.8,,,,,,,,,
-33618,201.8,,,,,,,,,
-33580.7,201.9,,,,,,,,,
-33558.5,202,,,,,,,,,
-33547.1,201.1,,,,,,,,,
-33495.8,200.3,,,,,,,,,
-33433,201.4,,,,,,,,,
-33409.4,203.6,,,,,,,,,
-33387,204.5,,,,,,,,,
-33331.7,205.4,,,,,,,,,
-33215.8,203.6,,,,,,,,,
-33139.6,198.8,,,,,,,,,
-32916.8,203.1,,,,,,,,,
-32875.6,202.8,,,,,,,,,
-32760.6,197.2,,,,,,,,,
-32697.8,198.9,,,,,,,,,
-32670,200.3,,,,,,,,,
-32652.6,199.5,,,,,,,,,
-32606.9,199.6,,,,,,,,,
-32384.4,196.2,,,,,,,,,
-32362.8,196.3,,,,,,,,,
-32300.8,195.8,,,,,,,,,
-32240.3,194.9,,,,,,,,,
-32114.2,195.9,,,,,,,,,
-32041.5,195.4,,,,,,,,,
-32007,196.5,,,,,,,,,
-31975.9,194.5,,,,,,,,,
-31957.5,194.5,,,,,,,,,
-31935.7,195.3,,,,,,,,,
-31891,195.6,,,,,,,,,
-31808.1,200,,,,,,,,,
-31605.3,197.8,,,,,,,,,
-31541.4,197.1,,,,,,,,,
-31467.5,196.9,,,,,,,,,
-31198.3,197.6,,,,,,,,,
-31059,196.3,,,,,,,,,
-30930.9,196.7,,,,,,,,,
-30863.1,199.3,,,,,,,,,
-30764.1,195.9,,,,,,,,,
-30727.8,195.1,,,,,,,,,
-30644.6,194.4,,,,,,,,,
-30561.1,194.6,,,,,,,,,
-30484.8,194.1,,,,,,,,,
-30411.2,195.2,,,,,,,,,
-30357.9,192.5,,,,,,,,,
-30200.6,196.9,,,,,,,,,
-30197.5,196.4,,,,,,,,,
-30129.6,193.9,,,,,,,,,
-30076.9,193.3,,,,,,,,,
-29983.9,192.5,,,,,,,,,
-29868.4,192.9,,,,,,,,,
-29842.1,193.7,,,,,,,,,
-29574.1,189.9,,,,,,,,,
-29406.4,188.5,,,,,,,,,
-29155.2,188,,,,,,,,,
-28825.7,190.3,,,,,,,,,
-28763,187.1,,,,,,,,,
-28578.8,182.9,,,,,,,,,
-28450.5,184.3,,,,,,,,,
-28362.7,186,,,,,,,,,
-28327.9,186.5,,,,,,,,,
-28231.7,188.5,,,,,,,,,
-28151.5,188.2,,,,,,,,,
-28049,191.6,,,,,,,,,
-28002.1,191.4,,,,,,,,,
-27887.8,191,,,,,,,,,
-27792.8,191.3,,,,,,,,,
-27731.2,189.8,,,,,,,,,
-27659.2,189.2,,,,,,,,,
-27460.2,189.2,,,,,,,,,
-27416.1,189.8,,,,,,,,,
-27373.9,191,,,,,,,,,
-27299.6,192.4,,,,,,,,,
-27255.3,188.1,,,,,,,,,
-27200.7,192.3,,,,,,,,,
-27058.9,192.9,,,,,,,,,
-26998.6,193.3,,,,,,,,,
-26952.7,192.7,,,,,,,,,
-26891.9,193.9,,,,,,,,,
-26774.3,193.8,,,,,,,,,
-26676.4,192.8,,,,,,,,,
-26627.4,193.1,,,,,,,,,
-26476.9,189.6,,,,,,,,,
-26463.9,189.2,,,,,,,,,
-26419.7,192.6,,,,,,,,,
-26321.6,191.6,,,,,,,,,
-26264.1,191.8,,,,,,,,,
-26147.3,190,,,,,,,,,
-26023.2,189.3,,,,,,,,,
-25977.1,189,,,,,,,,,
-25935,189.3,,,,,,,,,
-25916.4,190.6,,,,,,,,,
-25870.7,187.6,,,,,,,,,
-25768.6,189.3,,,,,,,,,
-25764.1,190.6,,,,,,,,,
-25737,192.7,,,,,,,,,
-25711.3,191.5,,,,,,,,,
-25636.4,192,,,,,,,,,
-25599.7,191.5,,,,,,,,,
-25552.8,191.2,,,,,,,,,
-25491.9,192,,,,,,,,,
-25330.1,190.1,,,,,,,,,
-25220.2,194.9,,,,,,,,,
-25134.8,186.3,,,,,,,,,
-25092,187.4,,,,,,,,,
-25004.9,188.1,,,,,,,,,
-24907.8,186.4,,,,,,,,,
-24753.7,185.4,,,,,,,,,
-24587.1,185.5,,,,,,,,,
-24510.7,186,,,,,,,,,
-24365,183.8,,,,,,,,,
-24304.5,184.6,,,,,,,,,
-24066,184.5,,,,,,,,,
-23836,186.5,,,,,,,,,
-23593.6,183.4,,,,,,,,,
-23401.1,182.7,,,,,,,,,
-23213.6,180.7,,,,,,,,,
-22693.6,180.6,,,,,,,,,
-22319.8,186.7,,,,,,,,,
-22127.7,184.7,,,,,,,,,
-21923.8,183.1,,,,,,,,,
-21650.5,188,,,,,,,,,
-21495.2,186.8,,,,,,,,,
-21408.4,193.5,,,,,,,,,
-21326.7,197.7,,,,,,,,,
-21235,188.6,,,,,,,,,
-21157.3,190.1,,,,,,,,,
-21063.8,190.5,,,,,,,,,
-21044,189.4,,,,,,,,,
-20883.6,186.1,,,,,,,,,
-20799.3,190,,,,,,,,,
-20700.8,188.5,,,,,,,,,
-20654.1,185.2,,,,,,,,,
-20600.1,184.7,,,,,,,,,
-20397.6,187,,,,,,,,,
-20342.2,187.2,,,,,,,,,
-20280.89,191.3,,,,,,,,,
-20105.59,187.4,,,,,,,,,
-19963.63,190.8,,,,,,,,,
-19840.59,188,,,,,,,,,
-19612.85,185.2,,,,,,,,,
-19395.18,187.2,,,,,,,,,
-19262.7,190.1,,,,,,,,,
-19117.69,188.4,,,,,,,,,
-19014.43,190.9,,,,,,,,,
-18878.39,192.7,,,,,,,,,
-18716.49,187.8,,,,,,,,,
-18586.8,193.9,,,,,,,,,
-18457.6,190,,,,,,,,,
-18263.31,190.5,,,,,,,,,
-18068.7,193.7,,,,,,,,,
-17933.88,196.1,,,,,,,,,
-17841.19,193.6,,,,,,,,,
-17679.49,191.4,,,,,,,,,
-17618.15,189,,,,,,,,,
-17492.73,191.5,,,,,,,,,
-17332.16,191.6,,,,,,,,,
-17202.79,191.1,,,,,,,,,
-17043.82,192.7,,,,,,,,,
-16916.91,188.5,,,,,,,,,
-16885.15,188.4,,,,,,,,,
-16853.64,193,,,,,,,,,
-16797.05,191.3,,,,,,,,,
-16727.4,193.9,,,,,,,,,
-16632.94,188.6,,,,,,,,,
-16569.99,187.7,,,,,,,,,
-16536.59,187.1,,,,,,,,,
-16507.83,187.4,,,,,,,,,
-16472.43,188.5,,,,,,,,,
-16441.16,188.2,,,,,,,,,
-16410.35,188.7,,,,,,,,,
-16374.39,187.1,,,,,,,,,
-16345.81,189,,,,,,,,,
-16314.68,188.5,,,,,,,,,
-16282.18,188.9,,,,,,,,,
-16251.79,185.6,,,,,,,,,
-16223.16,189,,,,,,,,,
-16189.76,184.9,,,,,,,,,
-16160.63,188.6,,,,,,,,,
-16131.6,188.6,,,,,,,,,
-16100.09,187.7,,,,,,,,,
-16074.45,187.8,,,,,,,,,
-16042.04,189,,,,,,,,,
-16015.83,188.7,,,,,,,,,
-15985.99,188.5,,,,,,,,,
-15957.16,191.7,,,,,,,,,
-15931,190.3,,,,,,,,,
-15904.6,189.5,,,,,,,,,
-15875.43,191.2,,,,,,,,,
-15847.57,187.3,,,,,,,,,
-15819.71,191.7,,,,,,,,,
-15793.75,190.4,,,,,,,,,
-15767.05,189.5,,,,,,,,,
-15741.21,191.5,,,,,,,,,
-15715.06,194.4,,,,,,,,,
-15687.88,193.2,,,,,,,,,
-15662,195.8,,,,,,,,,
-15636.25,197,,,,,,,,,
-15611.46,192.6,,,,,,,,,
-15584.59,192.4,,,,,,,,,
-15560.87,191.6,,,,,,,,,
-15535.29,191.5,,,,,,,,,
-15510.99,193,,,,,,,,,
-15484.97,190.8,,,,,,,,,
-15460.03,191.9,,,,,,,,,
-15435.3,193,,,,,,,,,
-15410.5,190.5,,,,,,,,,
-15361.87,194.7,,,,,,,,,
-15337.9,195.9,,,,,,,,,
-15286.25,198.3,,,,,,,,,
-15213.7,198.6,,,,,,,,360.8,356.89
-15141.85,202.1,,,,,,,,361.23,358.62
-15044.77,204.3,,,,,,,,363.22,360.59
-14978.83,202.9,,,,,,,,363.66,362.7
-14919.32,205.2,,,,,,,,364.83,363.99
-14847.55,205.5,,,,,,,,367.98,366.06
-14783.53,210.2,,,,,,,,370.83,368.31
-14705.88,213.2,,,,,,,,371.86,369.13
-14640.01,208.5,,,,,,,,,370.97
-14603.51,208.7,,,,,,,,,372.34
-14559.93,207.9,,,,,,,,,
-14522.03,213.9,,,,,,,,,
-14508.38,217.2,,,,,,,,,
-14481.32,211.8,,,,,,,,,
-14460.71,212.9,,,,,,,,,
-14441.89,209.5,,,,,,,,,
-14424.89,211.2,,,,,,,,,
-14404.23,214.8,,,,,,,,,
-14387.25,212.4,,,,,,,,,
-14367.43,214.6,,,,,,,,,
-14346.96,212.8,,,,,,,,,
-14328.74,214.2,,,,,,,,,
-14310.73,218.6,,,,,,,,,
-14290.56,220.5,,,,,,,,,
-14272.96,223.2,,,,,,,,,
-14258.71,227.3,,,,,,,,,
-14237.46,221.5,,,,,,,,,
-14216.71,226.2,,,,,,,,,
-14201.21,224.9,,,,,,,,,
-14164.14,222.4,,,,,,,,,
-14133,224.2,,,,,,,,,
-14083.78,224.5,,,,,,,,,
-14064.67,222.4,,,,,,,,,
-14048.98,224.4,,,,,,,,,
-14045.49,223.7,,,,,,,,,
-13986.52,223.8,,,,,,,,,
-13970.25,223.5,,,,,,,,,
-13894.95,222.4,,,,,,,,,
-13817.68,224.9,,,,,,,,,
-13754.79,222.2,,,,,,,,,
-13699.43,222.8,,,,,,,,,
-13596.4,223.5,,,,,,,,,
-13512.93,223.3,,,,,,,,,
-13460.08,224.7,,,,,,,,,
-13432.85,225.4,,,,,,,,,
-13395.24,228.9,,,,,,,,,
-13370.94,227.6,,,,,,,,,
-13330.74,225.8,,,,,,,,,
-13293.44,228.3,,,,,,,,,
-13268.88,230.2,,,,,,,,,
-13231.11,227.8,,,,,,,,,
-13206.52,228.8,,,,,,,,,
-13183.53,229.7,,,,,,,,,
-13145.81,234.5,,,,,,,,,
-13122.53,229,,,,,,,,,
-13084.78,225.4,,,,,,,,,
-13061.48,228.4,,,,,,,,,
-13037.26,227.7,,,,,,,,,
-13026.48,229.8,,,,,,,,,
-13003.66,228.9,,,,,,,,,
-12979.02,228.5,,,,,,,,,
-12965.91,228.4,,,,,,,,,
-12954.21,228.7,,,,,,,,,
-12942.46,230.6,,,,,,,,,
-12930.66,227.9,,,,,,,,,
-12919.18,232.2,,,,,,,,,
-12907.53,233.2,,,,,,,,,
-12894.77,227.9,,,,,,,,,
-12884.75,228.4,,,,,,,,,
-12872.39,226.5,,,,,,,,,
-12860.61,227.6,,,,,,,,,
-12849.14,228.5,,,,,,,,,
-12837.83,227.8,,,,,,,,,
-12826.28,227.4,,,,,,,,,
-12813.41,224.6,,,,,,,,,
-12808.52,227.9,,,,,,,,,
-12793.19,231.5,,,,,,,,,
-12780.88,234.5,,,,,,,,,
-12768.12,230.5,,,,,,,,,
-12756.96,228.2,,,,,,,,,
-12746.69,228.9,,,,,,,,,
-12736.37,237.5,,,,,,,,,
-12725.12,234.3,,,,,,,,,
-12714.09,233.4,,,,,,,,,
-12702.26,234.6,,,,,,,,,
-12695.2,238.1,,,,,,,,,
-12679.99,240.1,,,,,,,,,
-12669.39,238,,,,,,,,,
-12656.21,237.6,,,,,,,,,
-12645.47,235.3,,,,,,,,,
-12636.19,238,,,,,,,,,
-12625.93,239.8,,,,,,,,,
-12613.52,239.9,,,,,,,,,
-12602.93,241.7,,,,,,,,,
-12591.66,235.8,,,,,,,,,
-12581.3,243.2,,,,,,,,,
-12570.85,241.1,,,,,,,,,
-12547.21,242.1,,,,,,,,,
-12513.58,238.6,,,,,,,,,
-12493.28,240.9,,,,,,,,,
-12472.23,242.6,,,,,,,,,
-12460.6,242.5,,,,,,,,,
-12424.99,240.3,,,,,,,,,
-12404.48,238.4,,,,,,,,,
-12393.16,242.1,,,,,,,,,
-12358.61,235.8,,,,,,,,,
-12348.72,239,,,,,,,,,
-12323.02,240.2,,,,,,,,,
-12287.45,236.6,,,,,,,,,
-12255.56,238.4,,,,,,,,,
-12229.55,239.4,,,,,,,,,
-12206.6,239.2,,,,,,,,,
-12170.06,236.4,,,,,,,,,
-12134.47,232.9,,,,,,,,,
-12110.09,241.3,,,,,,,,,
-12072.86,237.9,,,,,,,,,
-12051.79,235.9,,,,,,,,,
-11990.23,240.6,,,,,,,,,
-11921.57,238,,,,,,,,,
-11877.2,239.1,,,,,,,,,
-11808.73,241.1,,,,,,,,,
-11762.83,241.6,,,,,,,,,
-11695.35,238.5,,,,,,,,,
-11650.81,243.9,,,,,,,,,
-11581.75,235.8,,,,,,,,,
-11536.74,240.3,,,,,,,,,
-11468.1,237.8,,,,,,,,,
-11354.15,236.9,,,,,,,,,
-11316.97,240.4,,,,,,,,,
-11266.2,239.4,,,,,,,,,
-11222.67,236.9,,,,,,,,,
-11178.45,234.8,,,,,,,,,
-11138.22,241.6,,,,,,,,,
-11116.59,237.9,,,,,,,,,
-11093.69,238.9,,,,,,,,,
-11071.92,234.7,,,,,,,,,
-11051.06,239.4,,,,,,,,,
-11030.88,237.1,,,,,,,,,
-11009.75,240.7,,,,,,,,,
-10989.23,238.2,,,,,,,,,
-10967.11,238.8,,,,,,,,,
-10943.38,239.4,,,,,,,,,
-10923.98,241.2,,,,,,,,,
-10902.71,239.3,,,,,,,,,
-10880.15,242.1,,,,,,,,,
-10859.27,242.2,,,,,,,,,
-10835.63,241.5,,,,,,,,,
-10812.58,240,,,,,,,,,
-10789.91,247.3,,,,,,,,,
-10769.8,241.6,,,,,,,,,
-10747.14,244.2,,,,,,,,,
-10723.9,242.5,,,,,,,,,
-10703.64,243.9,,,,,,,,,
-10679.85,246.9,,,,,,,,,
-10657.64,248.1,,,,,,,,,
-10636.6,247,,,,,,,,,
-10614.62,244.3,,,,,,,,,
-10593.72,249.9,,,,,,,,,
-10571.35,246.7,,,,,,,,,
-10545.84,244.4,,,,,,,,,
-10525.39,246.2,,,,,,,,,
-10504.82,245.8,,,,,,,,,
-10481.93,247.7,,,,,,,,,
-10459.38,246.4,,,,,,,,,
-10438.31,243,,,,,,,,,
-10415.28,244.3,,,,,,,,,
-10393.12,247,,,,,,,,,
-10371.28,250.7,,,,,,,,,
-10351.04,248.9,,,,,,,,,
-10330.77,249.4,,,,,,,,,
-10306.48,249,,,,,,,,,
-10282.92,249.2,,,,,,,,,
-10261.34,249.7,,,,,,,,,
-10240.41,251,,,,,,,,,
-10218.48,251.4,,,,,,,,,
-10196.5,251.1,,,,,,,,,
-10174.58,253,,,,,,,,,
-10155.25,255.7,,,,,,,,,
-10129.85,251,,,,,,,,,
-10108.8,253.1,,,,,,,,,
-10087.32,248.4,,,,,,,,,
-10065.9,247.9,,,,,,,,,
-10040.69,255.4,,,,,,,,,
-10019.55,254,,,,,,,,,
-9998.09,248.9,,,,,,,,,
-9976.96,258.6,,,,,,,,,
-9954.91,255.9,,,,,,,,,
-9933.17,251.6,,,,,,,,,
-9913.12,253.6,,,,,,,,,
-9893.33,254.3,,,,,,,,,
-9870.5,257.2,,,,,,,,,
-9852.79,258.5,,,,,,,,,
-9830.72,258.2,,,,,,,,,
-9809.21,258.7,,,,,,,,,
-9790.65,255.9,,,,,,,,,
-9769.72,256,,,,,,,,,
-9751.44,254,,,,,,,,,
-9732.82,254.6,,,,,,,,,
-9714.54,247.6,,,,,,,,,
-9697.92,257.1,,,,,,,,,
-9678.97,266.2,,,,,,,,,
-9661.31,261.3,,,,,,,,,
-9642.24,260.7,,,,,,,,,
-9626.41,267.1,,,,,,,,,
-9609.61,262.7,,,,,,,,,
-9593.6,266.9,,,,,,,,,
-9573.93,269.5,,,,,,,,,
-9557.23,267.7,,,,,,,,,
-9540.45,267.2,,,,,,,,,
-9522.8,269.1,,,,,,,,,
-9503.06,268.9,,,,,,,,,
-9485.93,270.1,,,,,,,,,
-9467.45,264.5,,,,,,,,,
-9449.86,268.2,,,,,,,,,
-9433.16,264.8,,,,,,,,,
-9389.37,264.8,,,,,,,,,
-9366.98,264.1,,,,,,,,,
-9306.57,264.4,,,,,,,,,
-9250.58,265.3,,,,,,,,,
-9235.87,265,,,,,,,,,
-9211.06,264.8,,,,,,,,,
-9139.62,264.8,,,,,,,,,
-9004.48,267.6,,,,,,,,,
-8885.74,265.1,,,,,,,,,
-8851.81,266,,,,,,,,,
-8730.48,266.9,,,,,,,,,
-8555.55,267.5,,,,,,,,,
-8416.56,264.9,,,,,,,,,
-8349.55,265.7,,,,,,,,,
-8242.95,263.4,,,,,,,,,
-8184.5,264,,,,,,,,,
-8042.61,264.2,,,,,,,,,
-7951.04,264.4,,,,,,,,,
-7623.27,263.8,,,,,,,,,
-7605.86,263,,,,,,,,,
-7574.44,260.9,,,,,,,,,
-7568.06,260.6,,,,,,,,,
-7486.7,265.2,,,,,,,,,
-7411.12,263.8,,,,,,,,,
-7345.31,263.7,,,,,,,,,
-7193.01,262,,,,,,,,,
-7110.17,259.3,,,,,,,,,
-7042.99,260.4,,,,,,,,,
-6961.85,260.9,,,,,,,,,
-6831.28,259,,,,,,,,,
-6760.68,261.8,,,,,,,,,
-6596.58,260.7,,,,,,,,,
-6509.68,261.3,,,,,,,,,
-6401.88,258.3,,,,,,,,,
-6244.8,259.3,,,,,,,,,
-6166.28,259.6,,,,,,,,,
-6025.85,260.8,,,,,,,,,
-5976.37,259.2,,,,,,,,,
-5910.18,259.7,,,,,,,,,
-5769.59,260.4,,,,,,,,,
-5711.37,260.1,,,,,,,,,
-5547.87,258.4,,,,,,,,,
-5455.32,260.7,,,,,,,,,
-5324.01,263,,,,,,,,,
-5238.07,262.3,,,,,,,,,
-5088.27,257.6,,,,,,,,,
-5020.08,258.1,,,,,,,,,
-4930.31,262.9,,,,,,,,,
-4819.65,262.1,,,,,,,,,
-4732.55,259.4,,,,,,,,,
-4622.29,261.1,,,,,,,,,
-4451.24,261.2,,,,,,,,,
-4387.21,262.7,,,,,,,,,
-4351.96,263.2,,,,,,,,,
-4139.81,265.5,,,,,,,,,
-4049.38,266.7,,,,,,,,,
-3984.09,260.7,,,,,,,,,
-3902.26,265.5,,,,,,,,,
-3807.61,265.9,,,,,,,,,
-3631.3,267.6,,,,,,,,,
-3583.29,265.2,,,,,,,,,
-3407.55,265.3,,,,,,,,,
-3361.18,267.6,,,,,,,,,
-3268.57,269.8,,,,,,,,,
-3136.79,268.6,,,,,,,,,
-3031.58,269.3,,,,,,,,,
-2971.2,270.7,,,,,,,,,
-2823,271.5,,,,,,,,,
-2697.46,269.8,,,,,,,,,
-2642.82,269.1,,,,,,,,,
-2544.36,271.1,,,,,,,,,
-2392.82,271.5,,,,,,,,,
-2325.08,272.8,,,,,,,,,
-2255.84,271.6,,,,,,,,,
-2158.67,271.7,,,,,,,,,
-2018.95,274.9,,,,,,,,,
-1906.17,275.4,,,,,,,,,
-1856.86,271.5,,,,,,,,,
-1743.41,273,,,,,,,,,
-1694.46,273.4,,,,,,,,,
-1578.29,275,,,,,,,,,
-1481.12,274,,,,,,,,,
-1333.66,273.1,,,,,,,,,
-1305.73,276.3,,,,,,,,,
-1106.6,274.6,,,,,,,,,
-998.82,276.3,,,,,,,,,
-954.55,274.7,,,,,,,,,
-851.76,275.3,,,,,,,,,
-758.48,278.9,,,,,,,,,
-678.02,273.9,,,,,,,,,
-576.12,277.9,,,,,,,,,
-464.32,277.6,,,,,,,,,
-315.55,276.7,,,,,,,,,
-284.24,276.7,,,,,,,,,
-143.36,276.9,,,,,,,,,
-49.71,278,,,,,,,,,
1,276.7,,,,,,,,,
30,277.9,,,,,,,,,
56,277.4,,,,,,,,,
104,277.5,,,,,,,,,
136,278.1,,,,,,,,,
153.53,278.1,,,,,,,,,
174.53,277.6,,,,,,,,,
240.6,280.2,,,,,,,,,
266.1,278.3,,,,,,,,,
274.44,280.2,,,,,,,,,
295.6,280.9,,,,,,,,,
317.55,281.7,,,,,,,,,
357.33,277.8,,,,,,,,,
384.23,277.2,,,,,,,,,
406.36,279.1,,,,,,,,,
436.94,280,,,,,,,,,
488.13,277.1,,,,,,,,,
517.96,276.8,,,,,,,,,
551.62,276.6,,,,,,,,,
557.47,278.5,,,,,,,,,
582.41,276.2,,,,,,,,,
614.52,277.9,,,,,,,,,
637,279.6,,,,,,,,,
669.18,278.5,,,,,,,,,
701.25,277.1,,,,,,,,,
730.43,280,,,,,,,,,
762.3,279.3,,,,,,,,,
793.1,279.7,,,,,,,,,
822.33,278.6,,,,,,,,,
875.41,279.4,,,,,,,,,
914.13,280.1,,,,,,,,,
957.65,277.4,,,,,,,,,
982.65,278.7,,,,,,,,,
1017.58,279.8,,,,,,,,,
1019.27,280.1,,,,,,,,,
1040.08,280.9,,,,,,,,,
1049.18,281,,,,,,,,,
1070.2,282.8,,,,,,,,,
1099.41,283.1,,,,,,,,,
1115.61,282.8,,,,,,,,,
1146.29,284.5,,,,,,,,,
1165.98,284,,,,,,,,,
1199.81,284.5,,,,,,,,,
1210.96,283.7,,,,,,,,,
1251.27,282.4,,,,,,,,,
1259.51,282.2,,,,,,,,,
1278.2,278.4,,,,,,,,,
1307.45,281.6,,,,,,,,,
1330.12,284.1,,,,,,,,,
1348.85,278.4,,,,,,,,,
1390.33,280.9,,,,,,,,,
1410.86,279.7,,,,,,,,,
1428.8,279.7,,,,,,,,,
1449.16,282.2,,,,,,,,,
1469.4,280.3,,,,,,,,,
1501.53,283.1,,,,,,,,,
1529.68,283.9,,,,,,,,,
1549.65,283.5,,,,,,,,,
1559.86,281.8,,,,,,,,,
1573.01,282.6,,,,,,,,,
1588.18,281.1,,,,,,,,,
1590.99,279.4,,,,,,,,,
1603.42,275.1,,,,,,,,,
1609.46,271.1,,,,,,,,,
1628.6,273.8,,,,,,,,,
1639.81,276.7,,,,,,,,,
1649.1,278,,,,,,,,,
1681.89,276.7,,,,,,,,,
1689.74,276.3,,,,,,,,,
1694.07,277.4,,,,,,,,,
1722.86,278.3,,,,,,,,,
1723.01,277,,,,,,,,,
1733.87,278.3,,,,,,,,,
1741.26,276.8,,,,,,,,,
1749.12,277.6,,,,,,,,,
1751.93,276.5,,,,,,,,,
1752.13,278,,,,,,,,,
1762.88,277.2,,,,,,,,,
1763.7,276.4,,,,,,,,,
1773.46,277.9,,,,,,,,,
1779.49,280.2,,,,,,,,,
1780.3,273.1,,,,,,,,,
1794.1,281.6,,,,,,,,,
1795.94,282.3,,,,,,,,,
1796.47,280.4,,,,,,,,,
1799.34,282.8,,,,,,,,,
1813.66,284.4,,,,,,,,,
1824.75,281.4,,,,,,,,,
1826.92,285.9,,,,,,,,,
1832.87,285.1,,,,,,,,,
1833.18,283.8,,,,,,,,,
1836.7,284.2,,,,,,,,,
1840.83,283.7,,,,,,,,,
1843.29,281.6,,,,,,,,,
1844.46,283.5,,,,,,,,,
1844.65,283.2,,,,,,,,,
1845.9,283.6,,,,,,,,,
1847.32,286.8,,,,,,,,,
1850.26,284,,,,,,,,,
1850.83,288.8,,,,,,,,,
1851.11,285.5,,,,,,,,,
1853.71,288.1,,,,,,,,,
1854.72,285.6,,,,,,,,,
1856.62,283.2,,,,,,,,,
1858.84,286.6,,,,,,,,,
1861.83,287.2,,,,,,,,,
1862.98,285.4,,,,,,,,,
1864.13,286.7,,,,,,,,,
1866.74,285.1,,,,,,,,,
1867.73,288,,,,,,,,,
1868.41,289.5,,,,,,,,,
1869.66,288,,,,,,,,,
1870.04,286.3,,,,,,,,,
1872.83,286.7,,,,,,,,,
1873.74,291.6,,,,,,,,,
1876.91,289.3,,,,,,,,,
1879.95,287.8,,,,,,,,,
1882.92,292.5,,,,,,,,,
1883.79,289.8,,,,,,,,,
1884.18,289.2,,,,,,,,,
1885.6,288.1,,,,,,,,,
1887.39,294.3,,,,,,,,,
1889.01,292.3,,,,,,,,,
1889.87,290.9,,,,,,,,,
1892.39,295.2,,,,,,,,,
1892.88,294.9,,,,,,,,,
1893.06,295.3,,,,,,,,,
1893.66,293.2,,,,,,,,,
1893.76,293.8,,,,,,,,,
1898.66,295.3,,,,,,,,,
1898.94,297,,,,,,,,,
1900.18,294.2,,,,,,,,,
1901.7,295.6,,,,,,,,,
1903.91,296,,,,,,,,,
1905.35,299,,,,,,,,,
1905.54,297.3,,,,,,,,,
1905.77,299.6,,,,,,,,,
1908.52,301.5,,,,,,,,,
1909.76,297.9,,,,,,,,,
1910.72,298.1,,,,,,,,,
1911.1,297.7,,,,,,,,,
1911.29,299.3,,,,,,,,,
1912.52,301.3,,,,,,,,,
1914.39,300.7,,,,,,,,,
1915.79,301.9,,,,,,,,,
1917.87,303.9,,,,,,,,,
1918.67,304.6,,,,,,,,,
1919.71,301.9,,,,,,,,,
1922.51,303.2,,,,,,,,,
1922.84,306.2,,,,,,,,,
1924.75,304.7,,,,,,,,,
1925.31,305,,,,,,,,,
1927.8,308,,,,,,,,,
1928.16,305.7,,,,,,,,,
1928.54,305.7,,,,,,,,,
1928.74,305.8,,,,,,,,,
1929.39,305.4,,,,,,,,,
1930.83,305.7,,,,,,,,,
1932.29,308.3,,,,,,,,,
1932.54,308.3,,,,,,,,,
1932.78,305.9,,,,,,,,,
1933.59,307.1,,,,,,,,,
1933.88,309.6,,,,,,,,,
1935.06,306.3,,,,,,,,,
1935.71,307.3,,,,,,,,,
1935.87,309.3,,,,,,,,,
1936.86,307.4,,,,,,,,,
1937.77,312.3,,,,,,,,,
1937.87,311.5,,,,,,,,,
1938.13,311.9,,,,,,,,,
1938.16,308.5,,,,,,,,,
1938.97,310.5,,,,,,,,,
1939.22,311.2,,,,,,,,,
1939.59,311,,,,,,,,,
1939.97,309.8,,,,,,,,,
1940.75,307.7,,,,,,,,,
1940.84,311.8,,,,,,,,,
1941.78,312.4,,,,,,,,,
1942.04,312.8,,,,,,,,,
1942.21,311.9,,,,,,,,,
1943.57,312.4,,,,,,,,,
1944.51,310.2,,,,,,,,,
1944.76,311.3,,,,,,,,,
1944.96,310.4,,,,,,,,,
1945.39,311.8,,,,,,,,,
1945.56,312,,,,,,,,,
1945.62,312.6,,,,,,,,,
1946.63,312.9,,,,,,,,,
1946.66,310.4,,,,,,,,,
1947.71,311.6,,,,,,,,,
1948.77,309.7,,,,,,,,,
1949.67,313.7,,,,,,,,,
1950.25,312,,,,,,,,,
1952.38,312.2,,,,,,,,,
1953.56,312.2,,,,,,,,,
1953.71,312.8,,,,,,,,,
1953.79,313.2,,,,,,,,,
1954.8,314.7,,,,,,,,,
1956.16,315.3,,,,,,,,,
1957.1,314.4,,,,,,,,,
1957.2,316.3,,,,,,,,,
1957.26,315.3,,,,,,,,,
1957.87,314.6,,,,,,,,,
1958.1,316.1,,,,,,,,,
Direct measurements,,,,,,,,,,
1959,349.3,316,,,,,,,,
1959.09,312,,,,,,,,,
1960,349.8,316.9,,,,,,,,
1960.31,313.1,,,,,,,,,
1960.57,318.2,,,,,,,,,
1961,350.8,317.6,,,,,,,,
1961.72,316.6,,,,,,,,,
1962,352.4,318.5,,,,,,,,
1962.32,317.5,,,,,,,,,
1962.4,319.1,,,,,,,,,
1962.54,317.4,,,,,,,,,
1962.62,318.6,,,,,,,,,
1963,353.7,319,,,,,,,,
1963.2,319.1,,,,,,,,,
1963.56,319.1,,,,,,,,,
1964,353.9,319.6,,,,,,,,
1965,357.1,320,,,,,,,,
1965.23,319.9,,,,,,,,,
1965.3,319.2,,,,,,,,,
1965.87,321,,,,,,,,,
1966,359.6,321.4,,,,,,,,
1966.55,322.2,,,,,,,,,
1966.79,320.5,,,,,,,,,
1967,361.8,322.2,,,,,,,,
1968,368,323.1,,,,,,,,
1968.54,320.4,,,,,,,,,
1968.81,324.1,,,,,,,,,
1968.98,325.1,,,,,,,,,
1969,,324.6,,,,,,,,
1969.42,324.7,,,,,,,,,
1970,,325.7,,,,,,,,
1970.22,324.6,,,,,,,,,
1970.64,324.9,,,,,,,,,
1970.66,326.6,,,,,,,,,
1970.87,326.3,,,,,,,,,
1971,,326.3,,,,,,,,
1972,,327.5,,,,,,,,
1972.04,330.4,,,,,,,,,
1972.09,328.4,,,,,,,,,
1973,,329.7,,,,,,,,
1974,,330.2,333.7,,,,,,,
1974.13,331.5,,,,,,,,,
1975,,331.1,333.6,,329.8,,,,,
1975.57,332.4,,,,,,,,,
1976,,332,333.3,331.4,329.8,,,,,
1976.67,332.4,,,,,,,,,
1976.8,335.5,,,,,,,,,
1977,,333.8,334.8,332.7,331.6,331.7,,,,
1978,,335.4,336.7,,333.3,333.5,,,,
1979,,336.8,337.9,336.3,,335.3,,,,
1979.14,334.8,,,,,,,,,
1980,,338.8,340.1,338,337.1,336.5,,,,
1981,,340.1,341.9,339.1,338.4,337.6,,,,
1982,,341.5,342.9,340.3,339.9,338.1,,,,
1983,,343.1,344.2,341.7,341.1,340,,,,
1983.03,339.5,,,,,,,,,
1983.08,341.3,,,,,,,,,
1984,,344.7,346,343.5,342.6,341.8,,,,
1984.92,342.1,,,,,,,,,
1985,,346.1,347.1,344.7,344,343.3,,,,
1985.76,343.1,,,,,,,,,
1986,,347.4,348.7,346.2,345.4,344.5,,,,
1986.14,344,,,,,,,,,
1986.62,344.7,,,,,,,,,
1987,,349.2,349.9,347.9,347,346.1,,,,
1987.21,345.4,,,,,,,,,
1988,,351.6,353.2,350.2,349,348.3,,,,
1988.07,347.6,,,,,,,,,
1988.97,349.3,,,,,,,,,
1989,,353.1,355.2,351.6,350.6,349.5,,,,
1989.41,349.8,,,,,,,,,
1989.97,350.8,,,,,,,,,
1990,,354.4,355.9,352.9,351.9,351,,,,
1991,,355.6,357.7,354.2,352.9,352.7,,,,
1991.13,352.4,,,,,,,,,
1992,,356.5,357.8,355.1,354.3,354.2,,,,
1992.31,353.7,,,,,,,,,
1993,,357.1,358.1,355.9,355.1,354.9,360.8,356.9,,
1993.08,353.9,,,,,,,,,
1994,,358.8,360.1,357.6,356.6,356.4,361.2,358.6,,
1994.41,357.1,,,,,,,,,
1995,,360.8,362.3,359.6,358.4,358.4,363.2,360.6,,
1996,,362.6,364.2,361.1,360,359.9,363.7,362.7,,
1996.28,359.6,,,,,,,,,
1997,,363.7,365.1,362.3,361.4,361.3,364.8,364,,
1998,361.8,366.7,367.7,364.7,363.9,363.8,368,366.1,,
1998,,,,,,,,,,
1999,,368.4,369.5,367.1,365.8,365.7,370.8,368.3,,
2000,,369.6,371.2,368.5,367.1,367,371.9,369.1,,
2001,,371.1,372.7,369.8,368.7,368.5,,371,,
2001.03,368,,,,,,,,,
2002,,373.3,374.2,372,370.8,370.6,,372.3,,
2003,,375.8,377.5,374.1,373,372.9,,,,
2004,,377.5,378.9,376.1,374.9,374.8,,,,
2005,,379.8,381.1,378,376.7,376.8,,,,
2006,,381.9,383.5,380,378.7,378.7,,,,
2007,,383.8,385,382.1,380.7,380.6,,,,
2008,,385.6,387.4,383.8,382.7,382.7,,,,
2009,,387.4,388.3,385.5,384.2,384.3,,,,
2010,,389.9,390.9,387.5,386.1,386.1,,,,
2011,,391.7,393.2,389.6,388,387.9,,,,
2012,,393.9,395.1,391.6,390.1,390,,,,
2013,,396.5,397.9,394.3,392.8,392.8,,,,
2014,,398.6,399.8,396.2,394.8,394.8,,,,
2015,,400.8,401.9,398.4,397.2,397.3,,,,
2016,,404.2,404.7,401.8,400.4,400.5,,,,
2017,,406.6,408.3,404.1,402.4,402.4,,,,
2018,,408.5,410.3,406.3,405,404.9,,,,
2019,,411.4,412.4,409,407.4,407.3,,,,
